상품명,브랜드/판매자,가격,배송정보,평점정보,성분정보,링크,이미지URL,텍스트
담무 수제간식 맛보기 세트 10종,담무,"13,900원",무료배송,"4.8
(38)",,https://dogpre.com/product/97710,https://img.funnc.com/mobile/dogpre/product/98/97710_list_L1_01753493.jpg,"담무
담무 수제간식 맛보기 세트 10종
13,900원
무료배송
4.8
(38)"
[원기보양 간식팩] 수제간식 황태채 1개 + 바삭츄 북어 대용량 1개,츄통령,"17,200원",대통령배송,"5
(12)",,https://dogpre.com/product/101846,https://img.funnc.com/mobile/dogpre/product/102/101846_list_L1_01391061.png,"츄통령
[원기보양 간식팩] 수제간식 황태채 1개 + 바삭츄 북어 대용량 1개
17,200원
대통령배송
5
(12)"
네츄럴랩 수제간식 오리날개 400g,네츄럴랩,"10,500원",대통령배송,"4.8
(71)",,https://dogpre.com/product/99122,https://img.funnc.com/mobile/dogpre/product/100/99122_list_L1_01820964.png,"네츄럴랩
네츄럴랩 수제간식 오리날개 400g
10,500원
대통령배송
4.8
(71)"
네츄럴랩 수제 치킨까스 100g,네츄럴랩,"3,550원",대통령배송,"4.8
(5)",,https://dogpre.com/product/105566,https://img.funnc.com/mobile/dogpre/product/106/105566_list_L1_01167332.jpg,"1일 남음
네츄럴랩
네츄럴랩 수제 치킨까스 100g
5,000원
29% 3,550원
대통령배송
4.8
(5)"
굿데이 수제 핫도그 오리고기 200g,굿데이,"6,500원",대통령배송,"5
(7)",,https://dogpre.com/product/105475,https://img.funnc.com/mobile/dogpre/product/106/105475_list_L1_01922949.jpg,"굿데이
굿데이 수제 핫도그 오리고기 200g
6,500원
대통령배송
5
(7)"
굿데이 수제 핫도그 소고기 200g,굿데이,"6,500원",대통령배송,"4.6
(24)",,https://dogpre.com/product/105474,https://img.funnc.com/mobile/dogpre/product/106/105474_list_L1_01483202.jpg,"굿데이
굿데이 수제 핫도그 소고기 200g
6,500원
대통령배송
4.6
(24)"
굿데이 수제 핫도그 닭고기 200g,굿데이,"6,500원",대통령배송,"4.5
(20)",,https://dogpre.com/product/105473,https://img.funnc.com/mobile/dogpre/product/106/105473_list_L1_01019551.jpg,"굿데이
굿데이 수제 핫도그 닭고기 200g
6,500원
대통령배송
4.5
(20)"
[닭가슴살 간식팩] 리얼츄 4개입 + 수제간식 1개 + 바삭츄 대용량 1개,츄통령,"26,200원",대통령배송,"5
(2)",,https://dogpre.com/product/101628,https://img.funnc.com/mobile/dogpre/product/102/101628_list_L1_01849686.png,"츄통령
[닭가슴살 간식팩] 리얼츄 4개입 + 수제간식 1개 + 바삭츄 대용량 1개
26,200원
대통령배송
5
(2)"
네츄럴랩 수제간식 돼지귀 스틱 250g,네츄럴랩,"10,500원",대통령배송,"4.9
(39)",,https://dogpre.com/product/99124,https://img.funnc.com/mobile/dogpre/product/100/99124_list_L1_01542657.png,"네츄럴랩
네츄럴랩 수제간식 돼지귀 스틱 250g
10,500원
대통령배송
4.9
(39)"
네츄럴랩 수제간식 한우 허파 200g,네츄럴랩,"12,900원",대통령배송,"4.7
(25)",,https://dogpre.com/product/99123,https://img.funnc.com/mobile/dogpre/product/100/99123_list_L1_01355575.png,"네츄럴랩
네츄럴랩 수제간식 한우 허파 200g
12,900원
대통령배송
4.7
(25)"
네츄럴랩 수제간식 오리목뼈 400g,네츄럴랩,"10,500원",대통령배송,"4.9
(62)",,https://dogpre.com/product/99121,https://img.funnc.com/mobile/dogpre/product/100/99121_list_L1_01493807.png,"네츄럴랩
네츄럴랩 수제간식 오리목뼈 400g
10,500원
대통령배송
4.9
(62)"
담무 생일파티 수제간식 선물세트 7종,담무,"22,000원",무료배송,"5
(1)",,https://dogpre.com/product/97703,https://img.funnc.com/mobile/dogpre/product/98/97703_list_L1_06029711.jpg,"담무
담무 생일파티 수제간식 선물세트 7종
22,000원
무료배송
5
(1)"
뉴알엑스 대관령 눈마을 수제 먹태 45g,뉴알엑스,"8,000원",대통령배송,"5
(6)",,https://dogpre.com/product/92489,https://img.funnc.com/mobile/dogpre/product/93/92489_list_L1_01142745.png,"뉴알엑스
뉴알엑스 대관령 눈마을 수제 먹태 45g
8,000원
대통령배송
5
(6)"
더독 수제 북어국 150g,더독,"3,000원",대통령배송,"4.7
(267)",,https://dogpre.com/product/65083,https://img.funnc.com/mobile/dogpre/product/66/65083_list_L1_02465256.png,"더독
더독 수제 북어국 150g
3,000원
대통령배송
4.7
(267)"
펫스토리 수제핫도그 닭고기 100g,펫스토리,"4,000원",대통령배송,"4.8
(1,029)",,https://dogpre.com/product/64465,https://img.funnc.com/mobile/dogpre/product/65/64465_list_L1_06201940.png,"펫스토리
펫스토리 수제핫도그 닭고기 100g
4,000원
대통령배송
4.8
(1,029)"
펫스토리 수제핫도그 연어 100g,펫스토리,"4,000원",대통령배송,"4.8
(1,741)",,https://dogpre.com/product/64462,https://img.funnc.com/mobile/dogpre/product/65/64462_list_L1_01383307.png,"펫스토리
펫스토리 수제핫도그 연어 100g
4,000원
대통령배송
4.8
(1,741)"
펫스토리 수제핫도그 오리고기 100g,펫스토리,"4,000원",대통령배송,"4.8
(1,065)",,https://dogpre.com/product/64456,https://img.funnc.com/mobile/dogpre/product/65/64456_list_L1_01590982.png,"펫스토리
펫스토리 수제핫도그 오리고기 100g
4,000원
대통령배송
4.8
(1,065)"
펫스토리 수제핫도그 양고기 100g,펫스토리,"4,000원",대통령배송,"4.9
(906)",,https://dogpre.com/product/64453,https://img.funnc.com/mobile/dogpre/product/65/64453_list_L1_01248748.png,"펫스토리
펫스토리 수제핫도그 양고기 100g
4,000원
대통령배송
4.9
(906)"
더독 수제 삼계죽 150g,더독,"3,000원",대통령배송,"4.7
(595)",,https://dogpre.com/product/56627?bundleOptionId=,https://img.funnc.com/mobile/dogpre/product/57/56627_list_L1_01696921.png,"더독
더독 수제 삼계죽 150g
3,000원
대통령배송
4.7
(595)"
더독 수제 삼계탕 150g,더독,"3,000원",대통령배송,"4.8
(1,137)",,https://dogpre.com/product/56625,https://img.funnc.com/mobile/dogpre/product/57/56625_list_L1_01875694.png,"더독
더독 수제 삼계탕 150g
3,000원
대통령배송
4.8
(1,137)"
펫스토리 수제핫도그 소고기 100g,펫스토리,"4,000원",대통령배송,"4.9
(1,415)",,https://dogpre.com/product/64459,https://img.funnc.com/mobile/dogpre/product/65/64459_list_L1_01560705.png,"품절
펫스토리
펫스토리 수제핫도그 소고기 100g
4,000원
대통령배송
4.9
(1,415)"
네츄럴랩 수제 오리까스 100g,네츄럴랩,"3,900원",대통령배송,"5
(2)",,https://dogpre.com/product/105567,https://img.funnc.com/mobile/dogpre/product/106/105567_list_L1_01366105.jpg,"품절
네츄럴랩
네츄럴랩 수제 오리까스 100g
3,900원
대통령배송
5
(2)"
네츄럴랩 수제간식 칠면조목 슬라이스 200g,네츄럴랩,"10,900원",대통령배송,"4.9
(29)",,https://dogpre.com/product/99127,https://img.funnc.com/mobile/dogpre/product/100/99127_list_L1_01305579.png,"품절
네츄럴랩
네츄럴랩 수제간식 칠면조목 슬라이스 200g
10,900원
대통령배송
4.9
(29)"
네츄럴랩 수제간식 저온건조 닭목뼈 250g,네츄럴랩,"9,900원",대통령배송,"4.5
(8)",,https://dogpre.com/product/99125,https://img.funnc.com/mobile/dogpre/product/100/99125_list_L1_01549647.png,"품절
네츄럴랩
네츄럴랩 수제간식 저온건조 닭목뼈 250g
9,900원
대통령배송
4.5
(8)"
더독 수제 오리죽 150g,더독,"3,000원",대통령배송,"4.8
(227)",,https://dogpre.com/product/60856?bundleOptionId=,https://img.funnc.com/mobile/dogpre/product/61/60856_list_L1_01704973.png,"품절
더독
더독 수제 오리죽 150g
3,000원
대통령배송
4.8
(227)"
더독 수제 오리탕 150g,더독,"3,000원",대통령배송,"4.8
(451)",,https://dogpre.com/product/60853,https://img.funnc.com/mobile/dogpre/product/61/60853_list_L1_01541137.png,"품절
더독
더독 수제 오리탕 150g
3,000원
대통령배송
4.8
(451)"
